diverse;Vaskepulver;småtingpose
diverse;Briller;småtingpose
diverse;Flaske med vann til vasking;løp-bil;ritt-bil;triatlon
diverse;Fyrstikker;ferie;
elektronikk;Bil-GPS;løp-fly;
elektronikk;Garmin 920XT pulsklokke;konkurransepose
elektronikk;Garmin fotsensor;konkurransepose
elektronikk;Garmin lader;konkurransepose
elektronikk;Garmin pulsbelte;konkurransepose
elektronikk;Garmin pulsbeltestrikk;konkurransepose
elektronikk;Grenuttak;løp-fly;
klær;Hals;løp-fly;løp-bil;
diverse;Halslomme;løp-fly
klær;Løpehansker;løp-fly;løp-bil;
klær;Sykkelhansker;ritt-bil;triatlon
medisiner;Hodepinetabletter;flyreisetoalettsaker
diverse;Hodetlf med støykansellering;løp-fly;ferie
diverse;Hotellpapirer;løp-fly;
diverse;Hullemaskin;ferie;
papirer;Informasjonspapir om løpet;løp-bil;løp-fly;ritt-bil
medisiner;Jernpiller;flyreisetoalettsaker
papirer;Kontanter;ferie;løp-fly;løp-bil;ritt-bil
klær;Kort skjorte;løp-fly;løp-bil;
klær;Kortbukse;løp-fly;løp-bil;
elektronikk;Ladekabel til hybrid/el-bil;ferie;
papirer;Laminert kart;løp-fly;ritt-bil;løp-bil;
klær;Lang kompresjonsbukse;løp-bil;løp-fly;
klær;Lang løpebukse;løp-fly;løp-bil;
klær;Lang løpeskjorte;løp-fly;løp-bil;
diverse;Lastereimer;ferie;
diverse;Lett ryggsekk;løp-bil;
papirer;Lommebok;løp-fly;løp-bil;ritt-bil;ferie
diverse;Lommekniv;løp-bil;ritt-bil
elektronikk;Lommelykt;småtingpose
klær;Lue/pannebånd med skygge;løp-fly;løp-bil;ritt-bil
klær;Lureteppe;løp-bil;ritt-bil
diverse;Løpebelte;konkurransepose
klær;Løpejakke;løp-fly;løp-bil;triatlon
klær;Løpesokker;løp-fly;løp-bil;ritt-bil
mat;Mat for reisen;løp-bil;løp-fly;ferie;ritt-bil
mat;Mat og drikke før løpet;løp-bil;ritt-bil
mat;Mat og drikke til etter løpet;løp-bil;ritt-bil
papirer;Mobiltelefon;ferie;løp-fly;løp-bil;ritt-bil
papirer;Notatblokk;løp-bil;løp-fly;ritt-bil;triatlon
papirer;Notebok;ferie;
gjøremål;Oppdatere bil-GPS;løp-fly;
elektronikk;PC;ferie;løp-fly;
elektronikk;PC-lader;ferie;løp-fly;
elektronikk;PC-mus;småtingpose;
papirer;Pass;ferie;løp-fly;
diverse;Handleplastposer;løp-fly;løp-bil;ritt-bil;triatlon
papirer;Rapport fra tidligere år;løp-bil;løp-fly;ritt-bil;triatlon
diverse;Reiseforsikring;løp-fly;
diverse;Reisemat;løp-fly;
diverse;Sekk med drikkepose;løp-bil;
diverse;Sikkerhetsnåler;konkurransepose
klær;Løpesko;løp-bil;løp-fly;triatlon
klær;Skopose;løp-fly;løp-bil;ritt-bil;triatlon
papirer;Skrivesaker;løp-bil;løp-fly;ritt-bil;triatlon
diverse;Småplastposer;konkurransepose
diverse;Solbriller;konkurransepose
diverse;Sovemaske;småtingpose
diverse;Takstativ på bil;ferie;
diverse;Temperaturmåler;løp-fly;
papirer;Tidsskjema;løp-bil;løp-fly;ritt-bil;triatlon
papirer;Tidtakerbrikke;løp-bil;løp-fly;ritt-bil;triatlon
diverse;Tigerbalsam;løp-fly;
klær;Tjukke sokker;løp-bil;ritt-bil;løp-fly;triatlon
diverse;Drikkeflaske;løp-fly;ritt-bil;triatlon
elektronikk;USB strømmåler;småtingpose
elektronikk;USB-batteri;småtingpose
klær;Underbukse;løp-fly;løp-bil;
klær;Undertrøye;løp-fly;løp-bil;
elektronikk;Vekkerklokke;småtingpose
elektronikk;Ørepropper musikk;småtingpose
elektronikk;110V overgang;småtingpose
elektronikk;12V USB-uttak;småtingpose
elektronikk;AA batterier;småtingpose
elektronikk;AAA batterier;småtingpose
elektronikk;Bagasjevekt;småtingpose
elektronikk;CR2032-batterier;ferie;
elektronikk;CR2430-batterier;ferie;
elektronikk;ChromeCast;småtingpose;
elektronikk;LR44-batterier;ferie;
elektronikk;Mikrofiberklut;ferie;
elektronikk;Personvekt;ferie;
diverse;Skjermrens;løp-fly;
elektronikk;USB-kabler;småtingpose
elektronikk;USB-ladere;småtingpose;
elektronikk;Walkie-Talkie;ferie;
gjøremål;Fylle opp dosett;ferie
gjøremål;Helle klorin i sluk;ferie;
gjøremål;Klippe negler;ferie;
gjøremål;Klippe skjegget;ferie;
gjøremål;Lade GPS;løp-fly;
gjøremål;Lade USB-batterier;løp-fly;
gjøremål;Lade opp enheter;ferie;
gjøremål;Lage handleliste;ferie;
gjøremål;Legge nøkler på lurt sted i bagasjen;ferie;
gjøremål;Låse garasje;ferie;
gjøremål;Låse hoveddøra;ferie;
gjøremål;Senke markise;ferie;
gjøremål;Sette blomster på kjøkkenet;ferie;
gjøremål;Sette ut plastavfall;ferie;
gjøremål;Sjekke visum/ESTA;løp-fly;
gjøremål;Sjekke alle utganger;ferie;
gjøremål;Sjekke etter gjenglemt bagasje;ferie;
gjøremål;Sjekke gressklipper;ferie;
gjøremål;Sjekke kjøleskap;ferie;
gjøremål;Skru av PCer;ferie;
gjøremål;Skru av fontene;ferie;
gjøremål;Skru av håndkletørker;ferie;
gjøremål;Skru av regionsperre;løp-fly;
gjøremål;Skru av vann til oppvaskmaskin;ferie;
gjøremål;Skru av vann til vaskemaskinen;ferie;
gjøremål;Skru av varmekabler;ferie;
gjøremål;Skru av varmepumpe;ferie;
gjøremål;Skru av varmeveksler;ferie;
gjøremål;Sprøyte plenen;ferie;
gjøremål;Stille inn webkamera;ferie;
gjøremål;Stoppe avisen;ferie;
gjøremål;Stoppe posten;ferie;
gjøremål;Ta ut kontanter;ferie;
gjøremål;Tømme oppvaskmaskin;ferie;
gjøremål;Tømme postkassa;ferie;
gjøremål;Tømme søppel;ferie;
gjøremål;Vanne blomster;ferie;
elektronikk;Ladekabel til Garmin 920XT;småtingpose
mat;Brunost;ferie;
mat;Egg;ferie;
mat;Formfett;ferie;
mat;Grillpølser;ferie;
mat;Grøtris;ferie;
mat;Kakemiks;ferie;
mat;Potetlomper;ferie;
mat;Nugatti;ferie;
mat;Rømme;ferie;
mat;Vaniljesaus;ferie;
papirer;Bilfordelskort;ferie;løp-fly;
papirer;Flyfordelskort;løp-fly;
papirer;Fordelsprogram-kort;ferie;
papirer;Førerkort;løp-fly;løp-bil;
papirer;Karlsborgperm;ferie;
papirer;Kodebrikke til nettbank;ferie;
papirer;Kodekort til nettbank;ferie;
papirer;Kredittkort;løp-fly;
papirer;Pennal;ferie;
papirer;Reiseforsikring;ferie;
papirer;Uleste blader;ferie;
papirer;Uleste bøker;ferie;
papirer;Visittkort;ferie;
papirer;Visumpapirer/ESTA;løp-fly;
svømming;Badebukse;triatlon;
svømming;Badehette;triatlon;
svømming;Håndkle;triatlon;
svømming;Svømmebriller;triatlon;
svømming;Vanntermometer;triatlon;
svømming;Våtdrakt;triatlon;
klær;Bilteppe;ritt-bil;løp-bil;
sykkel;Garmin Edge 500;ritt-bil;triatlon
klær;Hjelm;ritt-bil;triatlon
sykkel;Hjulrettestativ;ritt-bil;triatlon
klær;Kortermet sykkeltrøye;ritt-bil;triatlon
elektronikk;Ladekabel til Edge 500;småtingpose
klær;Langermet sykkeltrøye;ritt-bil;triatlon
klær;Mikrofiberhåndkle;løp-bil;løp-fly;ritt-bil;triatlon
sykkel;Nøkler til sykkelstativ på bil;ritt-bil;triatlon
sykkel;Pumpe;ritt-bil;triatlon
klær;Selebukse;ritt-bil;triatlon
klær;Sykkelsokker;ritt-bil;triatlon
sykkel;Sykkel;ritt-bil;triatlon
klær;Sykkeljakke;ritt-bil;triatlon
sykkel;Sykkelstativ;ritt-bil;triatlon
sykkel;Sykkelstativ på bil;ritt-bil;triatlon
klær;Tridrakt;ritt-bil;triatlon
sykkel;Sykkelvaskeutstyr;ritt-bil;triatlon
sykkel;Sykkelverktøykasse;ritt-bil;triatlon
toalettsaker;Tannbørste;flyreisetoalettsaker
toalettsaker;Tannkrem;flyreisetoalettsaker
toalettsaker;Kam;flyreisetoalettsaker
toalettsaker;Hårspray;flyreisetoalettsaker
toalettsaker;Tanntråd;flyreisetoalettsaker;konkurransepose;
verktøy;El-skrutrekker;ferie;
verktøy;El-drill;ferie;
verktøy;Lader til el-skrutrekker;ferie;
verktøy;Lader til el-drill;ferie;
diverse;Body Glide;konkurransepose
diverse;Konkurransepose;løp-bil;løp-fly
diverse;Småtingpose;løp-bil;løp-fly
diverse;Strikkbelte til startnummer;konkurransepose
diverse;Brystvorte-teip;konkurransepose
diverse;Buksestrikk;konkurransepose
diverse;Solkrem;konkurransepose
diverse;Futteral til pulsklokke;konkurransepose
diverse;Varmekrem;konkurransepose
diverse;Smertekrem;konkurransepose
førstehjelp;Plaster;konkurransepose;førstehjelpsspose
diverse;Hyssing;småtingpose
diverse;Klemmer;småtingpose
elektronikk;Termometer;småtingpose
diverse;Ørepropper støy;småtingpose
diverse;Kompass;småtingpose
diverse;Søtningsmiddel;småtingpose
diverse;Førstehjelpssett;løp-bil;
diverse;Flyreisetoalettsaker;løp-fly
medisiner;Dosett;flyreisetoalettsaker
